City_ID,City,Country,Lat,Lng,Max Temp,Humidity,Cloudiness,Wind Speed,Current Description
0,Albany,US,42.6001,-73.9662,84.92,54,100,1.01,overcast clouds
1,Marzuq,YE,14.4,46.4667,75.0,16,31,3.44,scattered clouds
2,Hermanus,ZA,-34.4187,19.2345,58.53,77,6,5.77,clear sky
3,Rikitea,PF,-23.1203,-134.9692,76.15,68,0,22.79,clear sky
4,Hay River,CA,60.8156,-115.7999,53.87,59,100,9.15,overcast clouds
5,Flinders,AU,-34.5833,150.8552,68.25,91,86,4.0,overcast clouds
6,Thompson,CA,55.7435,-97.8558,44.13,95,100,6.64,overcast clouds
7,Saldanha,ZA,-33.0117,17.9442,60.13,80,0,16.93,clear sky
8,Saint-Joseph,RE,-21.3667,55.6167,71.98,79,40,11.7,scattered clouds
9,Punta Arenas,CL,-53.15,-70.9167,50.11,66,20,20.71,few clouds
10,Castro,BR,-24.7911,-50.0119,69.13,60,100,4.38,overcast clouds
11,Tuktoyaktuk,CA,69.4541,-133.0374,28.13,72,100,7.43,overcast clouds
12,Ushuaia,AR,-54.8,-68.3,46.06,71,20,5.75,few clouds
13,Jamestown,US,42.097,-79.2353,76.95,62,100,8.05,overcast clouds
14,Ahipara,NZ,-35.1667,173.1667,61.52,84,59,9.33,broken clouds
15,Tasiilaq,GL,65.6145,-37.6368,30.36,63,100,2.57,overcast clouds
16,Olafsvik,IS,64.8945,-23.7142,42.51,70,100,14.43,light rain
17,College,US,64.8569,-147.8028,45.46,77,75,1.01,broken clouds
18,Provideniya,RU,64.3833,-173.3,35.04,95,100,5.5,overcast clouds
19,Melchor De Mencos,GT,17.0686,-89.1522,96.8,36,20,6.91,few clouds
20,Moche,PE,-8.1711,-79.0092,66.38,77,99,10.36,fog
21,Luau,AO,-10.7073,22.2247,68.4,46,15,3.36,few clouds
22,Atuona,PF,-9.8,-139.0333,78.46,77,52,18.79,broken clouds
23,Buchanan,LR,5.8808,-10.0467,79.81,86,100,6.02,moderate rain
24,Kaura Namoda,NG,12.5898,6.5779,95.18,16,24,4.32,few clouds
25,Komsomolskiy,UZ,40.4272,71.7189,61.52,77,75,4.61,moderate rain
26,Qaanaaq,GL,77.484,-69.3632,20.7,69,99,0.89,overcast clouds
27,Khovu-Aksy,RU,51.1333,93.6,49.55,30,0,4.88,clear sky
28,Kapaa,US,22.0752,-159.319,78.78,83,75,16.11,broken clouds
29,Kamwenge,UG,0.1866,30.4539,65.07,93,61,1.79,light rain
30,Cape Town,ZA,-33.9258,18.4232,60.91,73,2,8.99,clear sky
31,Hofn,IS,64.2539,-15.2082,38.5,96,100,13.78,overcast clouds
32,Namatanai,PG,-3.6667,152.4333,77.85,80,15,3.83,few clouds
33,Ambulu,ID,-8.345,113.6058,76.21,89,15,2.95,few clouds
34,Mega,ET,4.05,38.3,59.58,80,53,8.19,broken clouds
35,Mataura,NZ,-46.1927,168.8643,42.48,92,100,2.62,overcast clouds
36,Busselton,AU,-33.65,115.3333,58.32,69,100,8.16,overcast clouds
37,Takoradi,GH,4.8845,-1.7554,80.62,83,100,7.4,light rain
38,Lasa,IT,46.6166,10.7002,60.69,89,8,3.18,clear sky
39,New Norfolk,AU,-42.7826,147.0587,58.91,73,100,1.99,overcast clouds
40,Olga,RU,43.7444,135.2892,42.64,89,95,5.82,overcast clouds
41,Geraldton,AU,-28.7667,114.6,55.81,94,75,12.66,broken clouds
42,Pisco,PE,-13.7,-76.2167,66.25,82,40,11.5,haze
43,Kenai,US,60.5544,-151.2583,50.02,44,0,14.97,clear sky
44,Lorengau,PG,-2.0226,147.2712,80.47,74,65,2.82,broken clouds
45,Thul,PK,28.2403,68.7759,98.6,7,0,8.5,clear sky
46,Chake Chake,TZ,-5.2459,39.7666,77.61,80,10,9.78,clear sky
47,Mahebourg,MU,-20.4081,57.7,72.25,71,78,11.74,broken clouds
48,Farah,AF,32.5,62.5,63.75,39,0,6.6,clear sky
49,Sitka,US,57.0531,-135.33,49.89,53,40,8.05,scattered clouds
50,Cochrane,CA,51.1834,-114.4687,55.53,28,100,3.31,overcast clouds
51,Pacific Grove,US,36.6177,-121.9166,78.35,77,0,11.01,clear sky
52,East London,ZA,-33.0153,27.9116,63.0,75,10,5.01,clear sky
53,Yellowknife,CA,62.456,-114.3525,55.56,37,87,11.99,overcast clouds
54,Rawson,AR,-43.3002,-65.1023,55.42,42,1,21.92,clear sky
55,Klaksvik,FO,62.2266,-6.589,47.32,87,79,1.68,broken clouds
56,Mayo,US,38.8876,-76.5119,70.56,92,100,8.05,light rain
57,Nanortalik,GL,60.1432,-45.2371,32.32,77,97,3.76,overcast clouds
58,Ende,ID,-8.8432,121.6623,77.18,87,0,1.43,clear sky
59,Dikson,RU,73.5069,80.5464,30.16,91,100,10.94,overcast clouds
60,Sechura,PE,-5.5569,-80.8222,78.66,60,34,9.69,scattered clouds
61,Khatanga,RU,71.9667,102.5,33.84,100,100,7.96,overcast clouds
62,Marawi,PH,7.9986,124.2928,69.53,94,100,2.75,overcast clouds
63,Moron,AR,-34.6534,-58.6198,68.02,36,3,6.55,clear sky
64,Kabare,CD,-2.4683,28.8242,61.11,96,64,1.48,broken clouds
65,Palmas,BR,-10.2128,-48.3603,87.67,62,20,3.44,light rain
66,Aklavik,CA,68.2191,-135.0107,24.8,74,100,11.5,overcast clouds
67,Mahanje,TZ,-9.9333,35.3333,60.71,89,9,1.59,clear sky
68,Texarkana,US,33.4251,-94.0477,90.14,62,40,7.0,scattered clouds
69,Okhotsk,RU,59.3833,143.3,33.71,98,100,12.84,overcast clouds
70,Rumonge,BI,-3.9736,29.4386,70.88,86,45,3.74,light rain
71,Chelno-Vershiny,RU,54.4333,51.1,49.32,87,93,7.7,overcast clouds
72,Kuytun,RU,54.3419,101.5036,50.79,36,9,2.24,clear sky
73,Bilibino,RU,68.0546,166.4372,34.66,99,100,8.84,snow
74,Bluff,NZ,-46.6,168.3333,42.8,76,100,5.82,overcast clouds
75,Saint-Philippe,RE,-21.3585,55.7679,72.99,79,77,11.14,broken clouds
76,Port Alfred,ZA,-33.5906,26.891,56.17,91,1,3.94,clear sky
77,Vaini,TO,-21.2,-175.2,71.76,68,20,10.36,few clouds
78,Coahuayana,MX,18.7333,-103.6833,92.44,40,100,8.16,overcast clouds
79,Longyearbyen,SJ,78.2186,15.6401,28.24,69,75,2.3,broken clouds
80,Presidente Medici,BR,-11.1753,-61.9014,88.36,57,8,1.66,clear sky
81,Cherskiy,RU,68.75,161.3,32.49,99,100,4.88,snow
82,Nikolskoye,RU,59.7035,30.7861,49.89,80,27,6.96,scattered clouds
83,Grand Gaube,MU,-20.0064,57.6608,72.37,74,6,3.0,clear sky
84,Olonets,RU,60.9847,32.9698,43.21,80,97,5.08,overcast clouds
85,Chulym,RU,55.0997,80.9572,59.79,64,58,6.73,broken clouds
86,Witu,KE,-2.3889,40.4382,80.76,85,100,9.73,overcast clouds
87,Hobart,AU,-42.8794,147.3294,59.25,76,40,3.0,scattered clouds
88,Mount Isa,AU,-20.7333,139.5,53.37,82,10,0.0,clear sky
89,Hithadhoo,MV,-0.6,73.0833,83.1,68,93,9.42,overcast clouds
90,Natal,BR,-5.795,-35.2094,83.05,83,75,12.66,broken clouds
91,Nabire,ID,-3.3667,135.4833,75.02,87,57,2.28,broken clouds
92,Butaritari,KI,3.0707,172.7902,80.44,75,27,8.5,scattered clouds
93,Srednekolymsk,RU,67.45,153.6833,22.96,93,100,7.74,light snow
94,Ribeira Grande,PT,38.5167,-28.7,63.0,72,40,19.57,scattered clouds
95,Cajnice,BA,43.5575,19.0711,53.71,83,72,0.58,broken clouds
96,Najran,SA,17.4924,44.1277,76.14,16,58,2.75,broken clouds
97,Belaya Gora,RU,68.5333,146.4167,20.19,87,100,4.45,overcast clouds
98,Kijang,KR,35.2442,129.2139,58.42,33,100,4.5,overcast clouds
99,Banfora,BF,10.6333,-4.7667,94.3,29,100,0.78,overcast clouds
100,Monteria,CO,8.748,-75.8814,85.23,75,100,5.7,overcast clouds
101,Vao,NC,-22.6667,167.4833,73.44,73,64,18.77,broken clouds
102,Hilo,US,19.7297,-155.09,80.28,73,20,4.61,few clouds
103,Susehri,TR,40.1644,38.0867,59.38,59,100,1.9,overcast clouds
104,Ostrovnoy,RU,68.0531,39.5131,37.49,80,40,5.59,scattered clouds
105,Touros,BR,-5.1989,-35.4608,82.8,76,95,13.78,overcast clouds
106,San Cristobal,VE,7.7669,-72.225,80.78,50,49,7.58,scattered clouds
107,Chokurdakh,RU,70.6333,147.9167,6.93,97,100,1.83,overcast clouds
108,Yar-Sale,RU,66.8333,70.8333,36.36,100,100,10.63,light rain
109,Sao Filipe,CV,14.8961,-24.4956,78.67,61,100,7.72,overcast clouds
110,Cangucu,BR,-31.395,-52.6756,63.61,92,100,5.46,overcast clouds
111,Ponta Do Sol,PT,32.6667,-17.1,72.23,71,20,8.08,few clouds
112,Guane,CU,22.2025,-84.0875,89.53,41,18,2.86,few clouds
113,Lanxi,CN,29.2195,119.477,55.62,94,100,4.14,overcast clouds
114,Hauterive,FR,46.0901,3.4459,74.16,72,100,4.56,overcast clouds
115,Fortuna,US,40.5982,-124.1573,66.92,80,0,12.66,clear sky
116,Hualmay,PE,-11.0964,-77.6139,69.01,72,11,9.19,few clouds
117,Mitsamiouli,KM,-11.3847,43.2844,80.2,70,1,5.17,clear sky
118,Arraial Do Cabo,BR,-22.9661,-42.0278,75.06,64,0,9.22,clear sky
119,Caboolture,AU,-27.0833,152.95,73.35,99,62,3.38,light rain
120,Puerto Ayora,EC,-0.7393,-90.3518,76.96,94,78,3.0,broken clouds
121,Tiznit,MA,29.5833,-9.5,72.61,51,91,7.78,overcast clouds
122,Lingao,CN,19.9103,109.6859,77.56,93,24,2.57,few clouds
123,Barrow,US,71.2906,-156.7887,24.82,86,100,14.97,overcast clouds
124,Tiksi,RU,71.6872,128.8694,4.46,99,59,4.63,broken clouds
125,Kodiak,US,57.79,-152.4072,45.91,57,40,14.97,scattered clouds
126,Pangnirtung,CA,66.1451,-65.7125,21.51,90,92,4.32,overcast clouds
127,Brae,GB,60.3964,-1.353,49.86,86,70,9.26,broken clouds
128,Yurino,RU,56.2942,46.3039,46.36,91,79,7.96,broken clouds
129,Biak,ID,-0.9131,122.8766,76.01,85,98,2.1,overcast clouds
130,Altamirano,MX,16.8833,-92.15,78.44,23,11,6.4,few clouds
131,Dingle,PH,10.9995,122.6711,77.54,89,100,3.33,overcast clouds
132,Cedar Rapids,US,42.0083,-91.6441,87.3,29,0,1.99,clear sky
133,Nurota,UZ,40.5614,65.6886,63.77,43,4,4.7,clear sky
134,Skjervoy,NO,70.0311,20.9714,41.0,93,100,3.18,light rain
135,Cabo San Lucas,MX,22.8909,-109.9124,86.61,60,98,5.99,overcast clouds
136,Grunwald,DE,48.0395,11.5232,62.67,69,36,4.61,scattered clouds
137,Tura,IN,25.5198,90.2201,70.25,96,97,6.73,light rain
138,Mastic Beach,US,40.7668,-72.8521,71.71,90,75,9.22,broken clouds
139,Bambous Virieux,MU,-20.3428,57.7575,75.45,73,20,6.91,few clouds
140,San Patricio,US,28.017,-97.5169,93.18,38,2,14.7,clear sky
141,Balad,IQ,34.0164,44.1453,81.86,15,15,11.63,few clouds
142,Faanui,PF,-16.4833,-151.75,81.23,64,0,15.7,clear sky
143,Vagur,FO,61.4732,-6.8119,47.55,91,100,10.6,overcast clouds
144,Barra,BR,-11.0894,-43.1417,89.74,37,100,5.66,overcast clouds
145,Veraval,IN,20.9,70.3667,83.17,81,0,13.42,clear sky
146,Monduli,TZ,-3.3,36.45,60.22,85,6,7.49,clear sky
147,Carnarvon,AU,-24.8667,113.6333,64.29,50,0,17.13,clear sky
148,San Policarpo,PH,12.1791,125.5072,79.52,87,100,11.86,overcast clouds
149,Houma,US,29.5958,-90.7195,86.0,63,65,3.0,broken clouds
150,Tocache,PE,-8.1842,-76.5125,88.45,52,42,0.89,scattered clouds
151,Mersing,MY,2.4312,103.8405,78.71,94,20,5.75,few clouds
152,San,ML,13.3034,-4.8956,98.31,7,100,9.28,overcast clouds
153,Esperance,AU,-33.8667,121.9,57.52,75,57,19.86,broken clouds
154,Bethel,US,41.3712,-73.414,80.19,69,40,13.8,scattered clouds
155,San Quintin,MX,30.4833,-115.95,72.77,51,25,11.01,scattered clouds
156,Brownsville,US,25.9018,-97.4975,92.08,53,40,17.27,smoke
157,Sola,VU,-13.8833,167.55,79.9,70,100,14.61,overcast clouds
158,Nema,RU,57.5067,50.5011,44.58,95,85,6.24,overcast clouds
159,Zhigansk,RU,66.7697,123.3711,19.06,84,11,9.51,few clouds
160,Harer,ET,9.3094,42.1258,63.37,26,55,2.95,broken clouds
161,Husavik,IS,66.0449,-17.3389,41.45,78,80,17.98,broken clouds
162,Meulaboh,ID,4.1363,96.1285,79.77,87,87,2.04,overcast clouds
163,Shingu,JP,33.7333,135.9833,56.34,68,49,6.02,scattered clouds
164,Kiama,AU,-34.6833,150.8667,68.45,90,93,3.0,light rain
165,Kaitangata,NZ,-46.2817,169.8464,44.01,85,100,1.12,overcast clouds
166,Airai,TL,-8.9266,125.4092,61.54,97,73,0.43,broken clouds
167,Maragogi,BR,-9.0122,-35.2225,81.19,76,20,10.13,few clouds
168,Mount Gambier,AU,-37.8333,140.7667,55.42,91,54,8.84,broken clouds
169,Nantucket,US,41.2835,-70.0995,68.14,100,100,9.22,mist
170,Bonthe,SL,7.5264,-12.505,78.73,86,27,8.81,light rain
171,Lebu,CL,-37.6167,-73.65,54.59,73,38,18.92,scattered clouds
172,Thessalon,CA,46.2501,-83.5666,68.29,88,100,7.36,overcast clouds
173,Talnakh,RU,69.4865,88.3972,35.06,99,100,5.77,overcast clouds
174,Dutse,NG,11.7594,9.3392,91.69,25,5,8.68,clear sky
175,Harper,LR,4.375,-7.7169,76.08,87,100,7.43,overcast clouds
176,Sobolevo,RU,54.4299,31.8996,46.54,94,100,9.62,overcast clouds
177,Sisimiut,GL,66.9395,-53.6735,27.72,72,96,12.21,light snow
178,Robertsport,LR,6.7533,-11.3686,82.44,80,97,10.65,overcast clouds
179,Avarua,CK,-21.2078,-159.775,77.05,88,100,25.32,light rain
180,Wattegama,LK,6.7989,81.4808,75.7,89,100,11.77,moderate rain
181,Narsaq,GL,60.9167,-46.05,41.22,68,84,4.99,broken clouds
182,Lompoc,US,34.6391,-120.4579,94.01,55,0,19.57,clear sky
183,Hasaki,JP,35.7333,140.8333,61.2,77,100,25.84,overcast clouds
184,Saskylakh,RU,71.9167,114.0833,21.65,95,100,10.47,overcast clouds
185,Bairiki,KI,1.3292,172.9752,79.72,76,17,7.81,few clouds
186,Chuy,UY,-33.6971,-53.4616,63.72,70,88,7.58,overcast clouds
187,Torbay,CA,47.6666,-52.7314,39.88,83,75,13.8,broken clouds
188,Ust-Omchug,RU,61.15,149.6333,28.8,93,100,2.82,overcast clouds
189,Huanan,CN,46.2167,130.5167,42.91,62,25,11.52,scattered clouds
190,Isoka,ZM,-10.1606,32.6335,58.24,77,0,2.13,clear sky
191,Diofior,SN,14.1833,-16.6667,78.69,62,0,14.41,clear sky
192,Batagay,RU,67.6333,134.6333,19.65,86,100,4.05,overcast clouds
193,Honningsvag,NO,70.9821,25.9704,38.95,81,96,8.05,overcast clouds
194,Livingston,GB,55.9029,-3.5226,60.28,63,0,5.75,clear sky
195,Georgetown,MY,5.4112,100.3354,85.95,80,20,4.61,few clouds
196,Mar Del Plata,AR,-38.0023,-57.5575,60.94,52,0,13.8,clear sky
197,Nola,IT,40.922,14.5329,69.04,73,0,3.09,clear sky
198,Bumba,CD,2.1833,22.4667,72.03,92,90,0.72,overcast clouds
199,Nuuk,GL,64.1835,-51.7216,25.41,86,100,8.05,overcast clouds
200,Iqaluit,CA,63.7506,-68.5145,22.73,73,75,23.02,light snow
201,Bredasdorp,ZA,-34.5322,20.0403,55.09,78,5,1.01,clear sky
202,Tahoua,NE,14.8888,5.2692,94.01,10,92,8.75,overcast clouds
203,Saint-Augustin,CA,51.226,-58.6502,53.62,55,53,2.04,broken clouds
204,Victoria,HK,22.2855,114.1577,75.96,94,100,18.01,light rain
205,Rivers,CA,50.0308,-100.2403,45.55,78,100,18.72,overcast clouds
206,Angoche,MZ,-16.2325,39.9086,73.69,71,0,6.33,clear sky
207,Requena,ES,39.4883,-1.1004,60.51,64,74,5.88,broken clouds
208,Saint Joseph,US,39.7686,-94.8466,86.56,47,24,6.91,few clouds
209,Acarau,BR,-2.8856,-40.12,82.0,83,87,13.71,overcast clouds
210,Pimentel,PE,-6.8367,-79.9342,73.69,60,0,13.8,clear sky
211,Itaituba,BR,-4.2761,-55.9836,86.16,79,20,11.5,few clouds
212,Tuatapere,NZ,-46.1333,167.6833,44.85,93,100,3.94,overcast clouds
213,Port Elizabeth,ZA,-33.918,25.5701,56.1,87,100,3.44,overcast clouds
214,Rundu,NA,-17.9333,19.7667,64.87,32,5,5.44,clear sky
215,Anori,BR,-3.7728,-61.6442,83.64,85,100,2.98,overcast clouds
216,Sepuka,TZ,-4.75,34.5333,68.79,59,94,10.31,overcast clouds
217,Stadskanaal,NL,52.9833,6.95,62.82,81,85,7.11,overcast clouds
218,Cidreira,BR,-30.1811,-50.2056,65.98,85,100,11.32,light rain
219,Beringovskiy,RU,63.05,179.3167,35.98,96,100,5.75,overcast clouds
220,Ancud,CL,-41.8697,-73.8203,54.75,67,0,3.51,clear sky
221,Leningradskiy,RU,69.3833,178.4167,34.2,89,100,4.18,overcast clouds
222,Hobyo,SO,5.3505,48.5268,81.86,76,76,26.17,broken clouds
223,Vernon,CA,50.2581,-119.2691,56.12,58,100,5.01,overcast clouds
224,Imperia,IT,43.9667,7.7833,65.08,86,99,1.5,overcast clouds
225,Porto Novo,BJ,6.4965,2.6036,82.18,77,84,6.96,broken clouds
226,Conceicao Do Araguaia,BR,-8.2578,-49.2647,84.6,66,100,2.26,moderate rain
227,Takaka,NZ,-40.85,172.8,59.56,95,100,2.64,light rain
228,Chara,RU,56.9064,118.2631,33.03,80,37,1.25,scattered clouds
229,Rosita,NI,13.9268,-84.4032,92.52,45,57,6.22,broken clouds
230,Cayenne,GF,4.9333,-52.3333,85.08,1,75,14.97,broken clouds
231,Hamilton,US,39.1834,-84.5333,86.95,52,75,9.22,broken clouds
232,Grindavik,IS,63.8424,-22.4338,46.35,93,100,17.27,overcast clouds
233,Kuybysheve,UA,47.358,36.6491,54.57,90,29,9.31,light rain
234,Ziyang,CN,29.2497,117.8547,59.2,98,100,2.46,light rain
235,Vila Velha,BR,-20.3297,-40.2925,78.75,69,40,10.36,scattered clouds
236,Katsuura,JP,35.1333,140.3,64.29,88,100,19.91,overcast clouds
237,Maple Creek,CA,49.9168,-109.4848,57.61,47,34,13.8,light rain
238,Taoudenni,ML,22.6783,-3.9836,93.22,8,25,11.5,scattered clouds
239,Puerto Ayacucho,VE,5.6639,-67.6236,89.62,60,84,1.72,broken clouds
240,Rosarno,IT,38.4841,15.979,68.16,82,14,0.4,few clouds
241,Manavalakurichi,IN,8.1333,77.3,78.51,89,100,13.38,overcast clouds
242,Port Blair,IN,11.6667,92.75,80.64,89,40,2.3,mist
243,Vanimo,PG,-2.6741,141.3028,77.13,86,88,3.83,overcast clouds
244,Matara,LK,5.9485,80.5353,77.72,90,100,16.06,light rain
245,The Valley,AI,18.217,-63.0578,84.06,65,40,19.57,scattered clouds
246,Dalby,AU,-27.1833,151.2667,63.99,97,89,7.72,overcast clouds
247,Coxim,BR,-18.5067,-54.76,91.96,35,99,7.25,overcast clouds
248,Yatou,CN,37.15,122.3833,48.34,42,0,4.18,clear sky
249,Kaeo,NZ,-35.1,173.7833,52.32,94,92,5.93,overcast clouds
250,Tete,MZ,-16.1564,33.5867,68.09,73,0,0.0,clear sky
251,Balykshi,KZ,47.0667,51.8667,60.8,72,0,11.18,clear sky
252,Boca Do Acre,BR,-8.7522,-67.3978,86.7,68,100,3.18,overcast clouds
253,Whyalla,AU,-33.0333,137.5833,59.34,81,0,9.08,clear sky
254,Termiz,UZ,37.2242,67.2783,66.29,68,75,9.22,broken clouds
255,Pevek,RU,69.7008,170.3133,32.14,93,100,8.43,overcast clouds
256,Yajalon,MX,17.2333,-92.3333,84.02,24,6,5.17,clear sky
257,Aguimes,ES,27.9054,-15.4461,68.63,73,20,21.85,few clouds
258,Snezhnogorsk,RU,69.1933,33.2531,46.18,75,13,5.19,few clouds
259,Pajapan,MX,18.25,-94.7,86.16,45,0,9.78,clear sky
260,Naryan-Mar,RU,67.6713,53.087,45.36,81,1,8.79,clear sky
261,Roald,NO,62.5833,6.1333,48.33,76,0,17.27,clear sky
262,Isangel,VU,-19.55,169.2667,72.72,72,100,10.87,overcast clouds
263,Atessa,IT,42.0693,14.4511,65.66,72,4,2.62,clear sky
264,Dawei,MM,14.0833,98.2,78.03,90,97,2.26,overcast clouds
265,Sycamore,US,41.9889,-88.6868,86.09,27,0,5.75,clear sky
266,Atagay,RU,55.1033,99.3875,52.03,39,41,3.51,scattered clouds
267,Arua,UG,3.0201,30.9111,69.71,63,3,4.14,clear sky
268,Udalguri,IN,26.7667,92.1333,73.44,92,98,5.48,overcast clouds
269,Comodoro Rivadavia,AR,-45.8667,-67.5,57.06,33,0,12.66,clear sky
270,Mulino,RU,56.2892,42.9201,45.3,92,55,6.91,broken clouds
271,Padang,ID,-0.9492,100.3543,79.03,85,11,3.56,few clouds
272,Souillac,MU,-20.5167,57.5167,75.58,73,20,6.91,few clouds
273,Ozernovskiy,RU,51.5,156.5167,40.26,91,100,14.23,overcast clouds
274,Kusu,JP,33.2831,131.1514,50.02,47,63,1.9,broken clouds
275,Raga,SS,8.4596,25.678,76.41,72,99,6.98,light rain
276,Tecoanapa,MX,16.5167,-98.75,88.74,57,38,11.86,scattered clouds
277,Port Lincoln,AU,-34.7333,135.8667,61.52,70,24,15.95,few clouds
278,Yulara,AU,-25.2406,130.9889,63.93,63,98,6.76,overcast clouds
279,Namie,JP,37.4833,141.0,57.72,78,100,6.55,overcast clouds
280,Black River,JM,18.0264,-77.8487,86.25,63,15,18.72,few clouds
281,Koumac,NC,-20.5667,164.2833,72.75,85,36,2.64,scattered clouds
282,Clyde River,CA,70.4692,-68.5914,26.83,80,20,9.22,few clouds
283,Rondonopolis,BR,-16.4708,-54.6356,95.74,27,30,3.51,scattered clouds
284,Ahuimanu,US,21.4447,-157.8378,80.31,63,20,14.97,few clouds
285,Fukue,JP,32.6881,128.8419,63.05,51,90,22.66,overcast clouds
286,Sydney,AU,-33.8679,151.2073,65.34,85,27,7.0,fog
287,Kashi,CN,39.4547,75.9797,60.01,77,75,6.71,broken clouds
288,Broome,US,42.2506,-75.833,80.65,61,75,1.01,broken clouds
289,Mbekenyera,TZ,-10.0,38.9833,70.07,76,15,4.34,few clouds
290,Tyukalinsk,RU,55.8732,72.1967,54.55,77,100,9.31,overcast clouds
291,Weligama,LK,5.9667,80.4167,78.01,89,100,16.33,moderate rain
292,Laguna,US,38.421,-121.4238,84.63,35,0,12.66,clear sky
293,Ararangua,BR,-28.9347,-49.4858,70.27,74,100,5.48,overcast clouds
294,Saraipali,IN,21.3333,83.0,94.01,31,66,6.87,broken clouds
295,Half Moon Bay,US,37.4636,-122.4286,82.54,62,0,12.66,clear sky
296,Berlevag,NO,70.8578,29.0864,40.95,81,24,2.3,few clouds
297,Kankan,GN,10.3854,-9.3057,93.2,21,16,4.76,few clouds
298,Lavrentiya,RU,65.5833,-171.0,30.15,97,96,6.29,overcast clouds
299,Bereznik,RU,62.8551,42.7072,46.51,96,76,4.61,broken clouds
300,Vikravandi,IN,12.0333,79.55,83.73,75,100,11.07,overcast clouds
301,Nguruka,TZ,-5.1092,31.0419,72.39,69,100,3.02,overcast clouds
302,Omboue,GA,-1.5746,9.2618,78.75,90,100,6.2,overcast clouds
303,Kruisfontein,ZA,-34.0033,24.7314,53.89,88,1,6.31,clear sky
304,Syrskoye,RU,52.5744,39.4966,51.91,83,100,5.66,overcast clouds
305,Augusta,DE,48.3667,10.8833,66.72,77,0,4.61,clear sky
306,Kulotino,RU,58.45,33.3833,44.71,81,19,5.95,few clouds
307,Taganak,PH,6.0833,118.3,77.14,76,100,5.1,overcast clouds
308,Kushima,JP,31.4583,131.2333,62.2,87,100,4.99,overcast clouds
309,Pochutla,MX,15.7432,-96.4661,91.81,52,87,8.43,overcast clouds
310,Havelock,US,34.8791,-76.9013,78.98,80,75,11.5,broken clouds
311,Yairipok,IN,24.6667,94.0667,67.23,97,30,2.91,scattered clouds
312,Yeppoon,AU,-23.1333,150.7333,64.18,91,0,3.53,clear sky
313,Shentala,RU,54.45,51.4833,48.04,88,86,8.03,overcast clouds
314,Ibotirama,BR,-12.1853,-43.2206,92.82,26,100,6.35,overcast clouds
315,Tanhacu,BR,-14.0214,-41.2481,82.9,45,100,4.56,overcast clouds
316,Bengkulu,ID,-3.8004,102.2655,78.67,90,70,4.72,broken clouds
317,Mildura,AU,-34.2,142.15,57.07,92,0,4.79,clear sky
318,Tukrah,LY,32.5341,20.5791,65.35,81,0,5.88,clear sky
319,Inhambane,MZ,-23.865,35.3833,64.38,94,20,3.44,few clouds
320,Zalantun,CN,48.0,122.7167,45.84,63,84,7.65,broken clouds
321,Minas,UY,-34.3759,-55.2377,64.83,53,0,4.76,clear sky
322,Luderitz,NA,-26.6481,15.1594,62.69,48,27,14.72,scattered clouds
323,Tirlyanskiy,RU,54.2109,58.5806,42.28,90,92,5.28,overcast clouds
324,Coquimbo,CL,-29.9533,-71.3436,58.73,77,40,12.66,scattered clouds
325,Gunib,RU,42.3876,46.9651,54.1,49,100,7.36,overcast clouds
326,Beroroha,MG,-21.6667,45.1667,75.7,42,96,2.98,overcast clouds
327,Zerbst,DE,51.9667,12.0833,58.32,77,0,6.51,clear sky
328,Berbera,SO,10.4396,45.0143,91.2,33,34,3.31,scattered clouds
329,Aykhal,RU,66.0,111.5,33.22,95,100,4.85,overcast clouds
330,Suleja,NG,9.1758,7.1808,82.85,56,100,3.24,light rain
331,Bubaque,GW,11.2833,-15.8333,78.78,83,9,20.09,clear sky
332,Kieta,PG,-6.2167,155.6333,77.02,79,100,2.48,overcast clouds
333,Kanniyakumari,IN,8.0833,77.5667,79.57,87,100,18.19,overcast clouds
334,Grande-Synthe,FR,51.0154,2.2998,60.98,83,22,7.11,few clouds
335,Praia Da Vitoria,PT,38.7333,-27.0667,64.65,82,40,21.27,scattered clouds
336,Port-Cartier,CA,50.0334,-66.8654,66.31,58,36,6.38,scattered clouds
337,Banda Aceh,ID,5.5577,95.3222,80.78,82,92,1.72,overcast clouds
338,Sao Jose Do Belmonte,BR,-7.8614,-38.7597,85.37,45,100,9.64,overcast clouds
339,Necochea,AR,-38.5473,-58.7368,55.78,54,4,15.68,clear sky
340,Gushikawa,JP,26.3544,127.8686,74.43,96,100,12.66,light rain
341,Upernavik,GL,72.7868,-56.1549,20.1,74,14,5.14,few clouds
342,Sept-Iles,CA,50.2001,-66.3821,66.63,22,20,4.61,few clouds
343,Diffa,NE,13.3154,12.6113,89.78,10,5,4.74,clear sky
344,Aksarka,RU,66.5606,67.7975,40.14,99,100,11.79,moderate rain
345,Qasigiannguit,GL,68.8193,-51.1922,28.65,69,66,4.81,broken clouds
346,Encheng,CN,22.1839,112.3026,77.97,77,100,1.95,moderate rain
347,Vila Franca Do Campo,PT,37.7167,-25.4333,64.2,94,100,24.9,moderate rain
348,Muros,ES,42.7762,-9.0603,65.3,75,68,4.99,broken clouds
349,Rajauri,IN,33.3833,74.3,80.17,9,35,8.28,scattered clouds
350,Wanning,CN,18.8003,110.3967,78.75,91,17,5.55,few clouds
351,Price,US,39.5994,-110.8107,74.12,12,0,8.05,clear sky
352,Port Macquarie,AU,-31.4333,152.9167,64.89,93,80,6.96,broken clouds
353,Arauco,CL,-37.2463,-73.3175,60.51,47,100,3.13,overcast clouds
354,Kuala Terengganu,MY,5.3302,103.1408,78.75,94,20,2.3,few clouds
355,Roncesvalles,CO,4.0108,-75.6049,63.0,77,82,4.68,broken clouds
356,Greenock,GB,55.9484,-4.7612,59.56,80,100,2.19,overcast clouds
357,Richards Bay,ZA,-28.783,32.0377,67.75,91,94,5.91,moderate rain
358,Nioki,CD,-2.7167,17.6833,72.36,95,99,4.25,moderate rain
359,Yilan,TW,24.757,121.753,75.36,99,100,4.85,overcast clouds
360,Oga,IT,46.4631,10.347,56.08,95,38,3.74,scattered clouds
361,Caravelas,BR,-17.7125,-39.2481,77.05,71,100,8.63,overcast clouds
362,Waipawa,NZ,-41.4122,175.5153,54.05,94,100,4.92,overcast clouds
363,Ilulissat,GL,69.2167,-51.1,28.42,46,20,8.05,few clouds
364,Teya,RU,60.3778,92.6267,48.38,92,100,3.36,overcast clouds
365,Constitucion,CL,-35.3333,-72.4167,60.96,47,95,8.46,overcast clouds
366,Boyolangu,ID,-8.1181,111.8935,76.41,91,100,0.56,overcast clouds
367,Labuhan,ID,-6.8844,112.2051,80.37,82,66,4.94,broken clouds
368,Santo Tomas,PH,14.1079,121.1414,82.65,86,88,2.08,overcast clouds
369,Bathsheba,BB,13.2167,-59.5167,84.81,65,20,19.57,few clouds
370,Sergeyevka,KZ,53.88,67.4158,52.43,83,23,7.56,few clouds
371,Vangaindrano,MG,-23.35,47.6,68.97,80,56,3.04,broken clouds
372,Machiques,VE,10.0644,-72.545,90.46,59,54,2.8,broken clouds
373,Lata,PT,40.1629,-8.3327,69.8,62,5,5.61,clear sky
374,Nisia Floresta,BR,-6.0911,-35.2086,84.58,83,37,9.89,scattered clouds
375,Neuquen,AR,-38.9516,-68.0591,60.69,33,0,8.05,clear sky
376,Asau,RO,46.4333,26.4,60.28,82,78,3.85,broken clouds
377,Kattivakkam,IN,13.2167,80.3167,85.06,87,100,15.66,overcast clouds
378,Chapais,CA,49.7834,-74.8492,74.98,46,100,4.47,overcast clouds
379,San Fernando,PH,15.0286,120.6898,85.73,80,88,1.81,overcast clouds
380,Partenit,UA,44.578,34.3446,59.61,58,10,4.03,clear sky
381,Peace River,CA,56.2501,-117.286,57.51,30,20,17.27,few clouds
382,Guayaramerin,BO,-10.8368,-65.3614,91.45,55,75,5.75,broken clouds
383,Brokopondo,SR,4.75,-55.1667,82.58,79,100,4.43,light rain
384,Egvekinot,RU,66.3167,-179.1667,26.69,99,100,7.9,light snow
385,Torrington,US,41.8007,-73.1212,82.85,65,68,3.0,broken clouds
386,Henties Bay,NA,-22.116,14.2845,58.32,79,0,7.18,clear sky
387,Marsh Harbour,BS,26.5412,-77.0636,79.48,74,80,8.03,broken clouds
388,Khor,RU,47.8861,134.9464,43.18,65,30,10.69,scattered clouds
389,Talara,PE,-4.5772,-81.2719,79.56,61,0,13.8,clear sky
390,Kjollefjord,NO,70.9457,27.3465,39.25,85,47,7.29,scattered clouds
391,Ayorou,NE,14.7308,0.9174,100.02,14,100,9.08,overcast clouds
392,Faya,SA,18.3851,42.4509,72.12,18,0,10.69,clear sky
393,Vizianagaram,IN,18.1167,83.4167,85.51,81,18,9.17,few clouds
394,Nome,US,64.5011,-165.4064,36.16,75,0,5.75,clear sky
395,Lamu,KE,-2.2717,40.902,80.82,80,99,13.22,overcast clouds
396,Port-Gentil,GA,-0.7193,8.7815,80.56,89,40,8.05,scattered clouds
397,Gizo,SB,-8.103,156.8419,81.63,77,90,6.13,overcast clouds
398,Naze,JP,28.3667,129.4833,63.52,84,100,10.8,light rain
399,Makakilo City,US,21.3469,-158.0858,79.12,61,20,14.97,few clouds
400,Koungou,YT,-12.7336,45.2042,80.31,83,100,8.05,overcast clouds
401,Demba,CD,-5.51,22.2667,76.75,56,86,1.66,overcast clouds
402,Bom Jesus,BR,-9.0744,-44.3586,93.43,33,98,9.06,overcast clouds
403,Ezhou,CN,30.4,114.8333,60.37,71,100,3.85,light rain
404,Ukiah,US,39.1502,-123.2078,81.45,51,0,3.44,clear sky
405,Rio De Jesus,PA,7.9844,-81.1631,79.61,86,100,6.64,overcast clouds
406,Pasir Gudang,MY,1.4584,103.8805,84.36,85,75,5.01,broken clouds
407,Bombay,IN,19.0144,72.8479,85.98,74,40,5.75,haze
408,Calderitas,MX,18.55,-88.25,87.91,58,40,13.8,scattered clouds
409,Vysokogornyy,RU,50.1167,139.15,36.95,97,100,12.35,overcast clouds
410,Davidson,US,36.1501,-86.7833,86.29,43,40,10.36,scattered clouds
411,Kavaratti,IN,10.5669,72.642,81.81,77,100,20.31,overcast clouds
412,Kandrian,PG,-6.2167,149.55,77.09,89,100,5.79,overcast clouds
413,Sur,OM,22.5667,59.5289,83.95,70,0,1.57,clear sky
414,Amapa,BR,1.0,-52.0,79.09,96,100,3.71,overcast clouds
415,Telimele,GN,10.9167,-13.3333,85.23,54,94,9.33,overcast clouds
416,Prince Rupert,CA,54.3161,-130.3201,51.49,67,75,8.05,broken clouds
417,Namibe,AO,-15.1961,12.1522,71.78,69,0,5.75,clear sky
418,Mwinilunga,ZM,-11.7358,24.4293,60.58,58,0,4.59,clear sky
419,Dakar,SN,14.6937,-17.4441,74.73,80,12,11.07,few clouds
420,Ketchikan,US,55.3422,-131.6461,48.18,87,100,5.75,overcast clouds
421,Severo-Kurilsk,RU,50.6789,156.125,38.12,94,100,29.01,overcast clouds
422,Hambantota,LK,6.1241,81.1185,78.21,88,100,22.66,overcast clouds
423,Kamenka,RU,51.3223,42.7678,50.07,86,70,7.11,broken clouds
424,Hami,CN,42.8,93.45,65.68,8,3,10.67,clear sky
425,Maceio,BR,-9.6658,-35.7353,80.04,78,75,10.36,broken clouds
426,Alekseyevsk,RU,57.8406,108.3492,46.89,70,14,1.83,few clouds
427,Nouadhibou,MR,20.931,-17.0347,80.58,47,99,18.41,overcast clouds
428,Portland,US,45.5234,-122.6762,64.38,74,75,13.8,broken clouds
429,Mut,TR,36.6439,33.4389,69.31,46,4,3.24,clear sky
430,Moshi,TZ,-3.35,37.3333,69.24,80,49,5.5,scattered clouds
431,Araouane,ML,18.9048,-3.5265,89.47,7,100,11.41,overcast clouds
432,Moindou,NC,-21.6924,165.677,71.82,80,96,5.06,overcast clouds
433,Camacupa,AO,-12.0167,17.4833,64.92,51,0,2.59,clear sky
434,Lubao,PH,14.9167,120.55,85.71,81,78,2.55,broken clouds
435,Seoul,KR,37.5683,126.9778,51.24,74,0,3.44,clear sky
436,Kilindoni,TZ,-7.9139,39.6668,80.22,71,6,11.68,clear sky
437,Srandakan,ID,-7.9386,110.2506,78.64,88,100,2.93,overcast clouds
438,Chalus,IR,36.655,51.4204,62.06,88,20,2.3,few clouds
439,Ust-Tsilma,RU,65.441,52.1498,49.41,88,26,5.28,scattered clouds
440,Upata,VE,8.0086,-62.3989,89.19,59,100,6.62,overcast clouds
441,Sherlovaya Gora,RU,50.5667,116.25,43.29,47,51,6.26,broken clouds
442,Muravlenko,RU,63.7898,74.523,53.02,80,100,12.44,overcast clouds
443,Kedrovyy,RU,56.1667,91.8167,48.61,42,99,4.45,overcast clouds
444,Ruwi,OM,23.5996,58.5507,89.29,36,0,5.14,clear sky
445,Kahului,US,20.8947,-156.47,80.62,50,20,19.57,few clouds
446,Farsala,GR,39.2947,22.3847,70.84,66,99,3.27,overcast clouds
447,Vila Nova De Milfontes,PT,37.7238,-8.7828,64.26,90,1,12.53,clear sky
448,Gboko,NG,7.3179,8.9951,82.67,67,59,6.35,broken clouds
449,Sao Jose Da Coroa Grande,BR,-8.8978,-35.1478,81.75,75,17,10.31,few clouds
450,Raudeberg,NO,61.9875,5.1352,47.07,81,100,12.97,overcast clouds
451,Mandalgovi,MN,45.7625,106.2708,44.71,28,14,4.85,few clouds
452,Aneho,TG,6.2333,1.6,83.59,76,11,11.01,few clouds
453,Saint George,US,37.1041,-113.5841,92.62,7,0,1.99,clear sky
454,Linxia,CN,35.6003,103.2064,41.36,86,100,2.3,overcast clouds
455,Saint-Pierre,RE,-21.3393,55.4781,71.28,68,0,6.91,clear sky
456,Quatre Cocos,MU,-20.2078,57.7625,75.31,74,79,13.6,broken clouds
457,Kloulklubed,PW,7.0419,134.2556,82.89,73,81,7.87,broken clouds
458,Chiredzi,ZW,-21.05,31.6667,67.05,52,0,6.13,clear sky
459,Te Anau,NZ,-45.4167,167.7167,46.9,94,100,2.48,overcast clouds
460,Gat,IL,31.61,34.7642,83.39,53,63,1.77,broken clouds
461,Ola,RU,59.5833,151.2833,37.15,96,100,14.47,light rain
462,Oyama,JP,36.3,139.8,58.93,82,100,4.32,overcast clouds
463,Itacoatiara,BR,-3.1431,-58.4442,84.04,80,100,4.14,overcast clouds
464,Pangai,TO,-19.8,-174.35,76.39,62,11,16.69,few clouds
465,Luanda,AO,-8.8368,13.2343,76.05,86,18,7.92,few clouds
466,Juneau,US,58.3019,-134.4197,48.85,74,75,6.91,broken clouds
467,Keti Bandar,PK,24.1447,67.4497,82.8,87,0,17.52,clear sky
468,At-Bashi,KG,41.1702,75.8106,51.57,80,100,2.57,overcast clouds
469,Fallon,US,39.4735,-118.7774,75.45,18,40,0.0,scattered clouds
470,Goderich,CA,43.7501,-81.7165,75.52,60,2,9.22,clear sky
471,Salisbury,GB,51.0693,-1.7957,61.57,59,40,6.91,light rain
472,Pecos,US,31.4229,-103.4932,95.83,8,0,4.61,clear sky
473,Effingham,US,32.3669,-81.3332,84.85,40,37,4.83,scattered clouds
474,Wajima,JP,37.4,136.9,56.32,76,100,6.38,overcast clouds
475,Westport,US,41.1415,-73.3579,81.45,86,75,4.61,broken clouds
476,Correntina,BR,-13.3433,-44.6367,89.98,29,100,7.09,overcast clouds
477,Port Hardy,CA,50.6996,-127.4199,50.18,76,75,14.97,broken clouds
478,Taree,AU,-31.9,152.4667,63.1,100,75,0.0,broken clouds
479,Peniche,PT,39.3558,-9.3811,69.08,79,1,18.57,clear sky
480,Batagay-Alyta,RU,67.8006,130.4114,1.62,93,22,6.71,few clouds
481,Traverse City,US,44.7631,-85.6206,74.84,72,100,3.44,overcast clouds
482,Ambon,ID,-3.6954,128.1814,77.14,94,20,3.44,few clouds
483,Korla,CN,41.7597,86.1469,67.05,36,37,1.14,scattered clouds
484,Lucapa,AO,-8.4192,20.7447,72.05,48,6,3.58,clear sky
485,Svetlogorsk,BY,52.6333,29.7333,47.01,93,38,7.56,scattered clouds
486,Ypsonas,CY,34.6884,32.9574,70.29,64,0,14.97,clear sky
487,Norman Wells,CA,65.282,-126.8329,39.24,70,75,24.16,broken clouds
488,Barras,BR,-4.2444,-42.2944,85.51,77,100,3.2,overcast clouds
489,Payakumbuh,ID,-0.2202,100.6308,73.58,96,60,1.39,broken clouds
490,Guerrero Negro,MX,27.9769,-114.0611,77.49,39,100,11.79,overcast clouds
491,Pocone,BR,-16.2567,-56.6228,96.39,26,18,6.4,few clouds
492,Yining,CN,29.0361,114.5636,55.98,97,100,3.8,overcast clouds
493,Broken Hill,AU,-31.95,141.4333,60.98,65,100,8.1,overcast clouds
494,Formia,IT,41.2563,13.6058,65.41,87,0,0.65,clear sky
495,Izhevskoye,RU,54.5567,40.8703,45.88,92,75,7.07,broken clouds
496,Sann,PK,26.0418,68.1378,89.51,16,0,15.26,clear sky
497,Tilichiki,RU,60.4667,166.1,33.13,99,100,2.89,overcast clouds
498,Atambua,ID,-9.1061,124.8925,73.89,89,30,2.39,scattered clouds
499,Nicoya,CR,10.1483,-85.452,91.62,50,88,3.87,overcast clouds
500,Carnot,CF,4.9409,15.8665,75.09,74,79,0.31,broken clouds
501,Yacuiba,BO,-22.038,-63.6797,64.87,73,94,6.4,overcast clouds
502,Nhamunda,BR,-2.1861,-56.7131,85.35,77,100,3.15,overcast clouds
503,Olinda,BR,-8.0089,-34.8553,83.93,70,20,11.5,few clouds
504,Tolbazy,RU,54.0241,55.8825,47.77,84,64,6.82,broken clouds
505,Rio Gallegos,AR,-51.6226,-69.2181,53.65,50,20,12.66,few clouds
506,Wewak,PG,-3.5534,143.6268,79.0,80,54,1.14,broken clouds
507,Dubai,AE,25.2582,55.3047,80.53,57,0,8.05,clear sky
508,Kigoma,TZ,-4.8769,29.6267,75.33,73,32,2.68,scattered clouds
509,Thap Than,TH,15.4606,99.8917,82.71,78,80,3.98,light rain
510,Kungurtug,RU,50.5994,97.5228,41.76,44,13,1.43,few clouds
511,Milkovo,RU,54.7167,158.6167,40.44,94,98,1.97,overcast clouds
512,Russell,US,32.3502,-85.1999,82.9,57,40,3.44,scattered clouds
513,La Ronge,CA,55.1001,-105.2842,37.65,87,40,12.66,mist
514,The Pas,CA,53.8251,-101.2541,37.42,87,100,13.8,overcast clouds
515,Vaitape,PF,-16.5167,-151.75,81.27,64,0,15.77,clear sky
516,Bam,IR,29.106,58.357,73.81,25,0,18.7,clear sky
517,Kavieng,PG,-2.5744,150.7967,81.37,73,23,8.55,few clouds
518,Sao Joao Da Barra,BR,-21.6403,-41.0511,77.09,68,93,12.1,overcast clouds
519,Shelburne,CA,44.0787,-80.2041,81.05,53,53,8.39,broken clouds
520,Saint-Michel-Des-Saints,CA,46.6834,-73.9159,86.94,32,100,1.41,overcast clouds
521,Iskateley,RU,67.6803,53.1512,44.94,82,2,8.77,clear sky
522,Santa Ines,BR,-3.6667,-45.38,82.24,88,87,4.76,overcast clouds
523,Zeya,RU,53.75,127.2667,37.87,57,94,13.02,overcast clouds
524,Mehamn,NO,71.0357,27.8492,40.91,82,48,7.27,scattered clouds
525,Alibag,IN,18.6411,72.8792,86.07,75,77,7.54,broken clouds
526,Daru,PG,-9.0763,143.2092,77.95,79,95,6.35,overcast clouds
527,Turukhansk,RU,65.8167,87.9833,47.52,72,84,6.2,broken clouds
528,Aswan,EG,24.0934,32.907,99.7,9,0,4.61,clear sky
529,Ajdabiya,LY,30.7554,20.2263,66.94,64,0,11.59,clear sky
530,Ilhabela,BR,-23.7781,-45.3581,72.5,78,77,9.44,broken clouds
531,Darnah,LY,32.767,22.6367,67.03,64,0,17.9,clear sky
532,Antonina,BR,-25.4286,-48.7119,80.73,1,99,4.32,overcast clouds
533,Burns Lake,CA,54.2331,-125.7533,47.62,35,16,6.17,few clouds
534,Dunedin,NZ,-45.8742,170.5036,46.8,87,100,1.01,overcast clouds
535,Mayya,RU,61.7333,130.2811,27.72,86,15,4.68,few clouds
536,Cap Malheureux,MU,-19.9842,57.6142,72.46,74,3,3.0,clear sky
537,Bonavista,CA,48.6499,-53.1147,34.84,76,100,9.31,overcast clouds
538,Tazovskiy,RU,67.4667,78.7,36.63,99,100,11.63,overcast clouds
539,Emba,KZ,48.8264,58.1442,59.16,59,68,8.72,broken clouds
540,Salalah,OM,17.0151,54.0924,86.09,58,0,4.61,clear sky
541,Kudahuvadhoo,MV,2.6708,72.8944,83.26,76,100,18.9,overcast clouds
542,Kidal,ML,18.4411,1.4078,95.68,7,0,8.63,clear sky
543,Tabas,IR,33.5959,56.9244,70.68,31,0,9.69,clear sky
544,Metro,ID,-5.1131,105.3067,75.6,85,62,4.18,broken clouds
545,Malindi,KE,-3.2175,40.1191,79.11,81,23,14.14,light rain
546,Acapulco,MX,16.8634,-99.8901,89.42,70,100,11.5,overcast clouds
547,Kamloops,CA,50.6665,-120.3192,55.74,57,75,12.66,broken clouds
548,Abbeville,FR,50.1,1.8333,64.49,79,45,4.83,scattered clouds
549,Marsa Matruh,EG,31.3525,27.2453,66.4,72,0,6.91,clear sky
550,Koupela,BF,12.1794,-0.3517,94.24,30,99,14.29,overcast clouds
551,Sembabule,UG,-0.0772,31.4567,64.49,92,27,3.83,scattered clouds
552,Adrar,MR,20.5022,-10.0711,95.65,9,97,11.43,overcast clouds
553,Wenling,CN,28.3669,121.36,55.42,80,100,17.43,moderate rain
554,Nyurba,RU,63.2842,118.3319,29.34,85,77,1.25,broken clouds
555,Sambava,MG,-14.2667,50.1667,74.5,75,0,15.03,clear sky
556,Pipar,IN,26.3856,73.5378,96.22,22,0,16.31,clear sky
557,Paamiut,GL,61.994,-49.6678,31.51,64,92,16.98,overcast clouds
558,Mogok,MM,22.9167,96.5,66.85,93,66,3.27,broken clouds
559,Jawar,IN,23.0,76.5,93.92,23,100,12.48,overcast clouds
560,Umtata,ZA,-31.5889,28.7844,54.05,92,94,2.91,overcast clouds
561,Kharp,RU,66.8014,65.8081,41.99,97,100,10.94,overcast clouds
562,Qui Nhon,VN,13.7667,109.2333,80.87,85,100,5.84,overcast clouds
563,Odesskoye,RU,54.2111,72.9651,59.09,63,100,8.46,overcast clouds
564,Chihuahua,MX,28.5,-106.0,88.63,9,5,8.14,clear sky
565,Manokwari,ID,-0.8667,134.0833,78.66,73,100,4.27,light rain
566,Gamboma,CG,-1.8764,15.8644,78.22,76,83,4.27,light rain
567,Kabirwala,PK,30.4068,71.8667,98.46,7,17,8.68,few clouds
568,Petropavlovka,RU,50.6114,105.3196,49.59,34,23,4.05,few clouds
569,Lerik,AZ,38.7726,48.4128,54.32,49,4,6.98,clear sky
570,Maitum,PH,6.0392,124.4986,78.85,85,97,3.87,moderate rain
571,Launceston,AU,-41.45,147.1667,57.15,94,75,11.5,broken clouds
572,Tottori,JP,35.5,134.2333,54.19,58,100,4.94,overcast clouds
573,Cap-Haitien,HT,19.7578,-72.2042,80.46,75,100,9.8,overcast clouds
574,Ca Mau,VN,9.1769,105.15,80.8,85,97,2.91,overcast clouds
575,Seymchan,RU,62.8833,152.4333,32.74,83,100,1.86,overcast clouds
576,Havre-Saint-Pierre,CA,50.2334,-63.5986,64.76,19,0,10.36,clear sky
577,Valparaiso,CL,-33.0393,-71.6273,64.63,77,100,10.36,overcast clouds
578,Abha,SA,18.2164,42.5053,71.85,11,0,11.5,clear sky
579,Buena Vista,US,43.4203,-83.8986,87.75,38,0,11.5,clear sky
580,Caohe,CN,30.2297,115.4335,59.04,92,100,3.38,overcast clouds
581,Port Hawkesbury,CA,45.6169,-61.3485,60.44,74,40,14.97,scattered clouds
582,Medea,DZ,36.2642,2.7539,66.79,62,5,4.18,clear sky
583,Sedona,US,34.8697,-111.761,91.17,5,0,6.91,clear sky
584,Aras,ES,42.5617,-2.356,63.03,82,0,5.75,clear sky
585,Polunochnoye,RU,60.8697,60.4153,45.81,89,100,10.04,moderate rain
586,Karratha,AU,-20.7377,116.8463,73.9,57,0,10.22,clear sky
587,Iquitos,PE,-3.7481,-73.2472,77.04,100,75,5.75,broken clouds
588,Carndonagh,IE,55.25,-7.2667,53.82,82,100,4.23,overcast clouds
589,Tonj,SS,7.2737,28.6822,85.46,42,93,4.23,overcast clouds
590,Aquiraz,BR,-3.9014,-38.3911,84.29,82,31,10.11,scattered clouds
591,Shaowu,CN,27.3409,117.4831,60.69,99,100,2.46,overcast clouds
592,Sioux Lookout,CA,50.1001,-91.917,55.47,76,75,14.97,light rain
593,Kununurra,AU,-15.7667,128.7333,69.78,94,0,3.44,clear sky
594,Imbituba,BR,-28.24,-48.6703,71.85,87,100,21.0,overcast clouds
595,Abu Samrah,SY,35.3029,37.1841,74.37,42,100,6.38,overcast clouds
596,Kpandu,GH,6.9954,0.2931,80.67,79,54,10.18,broken clouds
597,Konitsa,GR,40.0486,20.7567,59.85,89,100,4.18,overcast clouds
598,Hope Mills,US,34.9704,-78.9453,80.38,74,20,3.44,few clouds
599,Tezu,IN,27.9167,96.1667,71.76,99,100,3.44,overcast clouds
600,Ocampo,MX,21.65,-101.5,83.16,13,34,7.63,scattered clouds
601,Coihaique,CL,-45.5752,-72.0662,51.75,54,0,0.0,clear sky
602,Sayyan,YE,15.1718,44.3244,62.56,19,0,5.35,clear sky
603,Khash,IR,28.2211,61.2158,62.58,42,0,9.24,clear sky
604,Maniitsoq,GL,65.4167,-52.9,28.0,60,48,14.52,scattered clouds
605,Tromso,NO,69.6496,18.957,42.82,81,75,5.75,light intensity shower rain
606,Ust-Nera,RU,64.5667,143.2,27.93,93,91,3.06,overcast clouds
607,Kathmandu,NP,27.7167,85.3167,71.82,88,75,0.0,broken clouds
608,Mirabad,AF,30.4362,61.8383,67.77,41,0,24.94,clear sky
609,Chapleau,CA,47.8405,-83.4034,84.29,34,75,12.66,broken clouds
610,Rodbyhavn,DK,54.6544,11.352,55.11,74,55,14.81,broken clouds
611,Palmares Do Sul,BR,-30.2578,-50.5097,63.66,92,100,5.93,overcast clouds
612,Margate,GB,51.3813,1.3862,59.88,80,90,1.99,overcast clouds
613,Hirara,JP,24.8,125.2833,78.67,86,100,17.34,moderate rain
614,Constantine,DZ,36.365,6.6147,72.81,53,0,2.3,clear sky
615,Evensk,RU,61.95,159.2333,34.0,98,100,3.33,overcast clouds
616,Freeport,US,40.6576,-73.5832,76.5,80,100,16.11,moderate rain
617,Tautira,PF,-17.7333,-149.15,80.17,66,6,16.11,clear sky
618,Baculin,PH,7.4525,126.5842,78.22,85,100,3.09,overcast clouds
619,Desert Hot Springs,US,33.9611,-116.5017,98.31,8,0,0.0,clear sky
620,Fidenza,IT,44.864,10.0667,76.64,53,0,2.3,clear sky
621,Dahuk,IQ,36.8695,42.994,69.04,35,16,3.74,few clouds
622,Ballina,AU,-28.8667,153.5667,68.77,97,98,4.99,overcast clouds
623,Kapit,MY,2.0167,112.9333,73.72,90,100,0.96,overcast clouds
624,Xinzhou,CN,38.4092,112.7333,50.38,33,0,1.21,clear sky
625,Udachnyy,RU,66.4167,112.4,32.95,96,100,4.21,overcast clouds
626,Verkhnevilyuysk,RU,63.4453,120.3167,26.51,86,30,3.09,scattered clouds
627,Guangyuan,CN,32.442,105.823,53.15,82,100,5.53,overcast clouds
628,Koindu,GN,8.4386,-10.3253,70.95,95,100,4.29,light rain
629,Birao,CF,10.2849,22.7882,77.59,67,100,4.21,moderate rain
630,Sinjai,ID,-5.1241,120.253,74.82,92,100,3.76,overcast clouds
631,Qiongshan,CN,20.0058,110.3542,76.98,94,0,2.24,clear sky
632,Novyy Urengoy,RU,66.0833,76.6333,40.82,86,37,9.35,scattered clouds
633,Moissala,TD,8.3404,17.7663,84.04,48,39,4.65,scattered clouds
634,Manaure,CO,11.7751,-72.4445,89.15,57,63,12.5,broken clouds
635,Okha,RU,53.5739,142.9478,33.57,99,100,15.01,snow
636,Kalengwa,ZM,-13.4659,25.0027,59.27,63,0,4.88,clear sky
637,Denpasar,ID,-8.65,115.2167,78.46,94,20,5.75,few clouds
638,Vestmanna,FO,62.1564,-7.1664,45.52,100,100,2.3,overcast clouds
639,Narasannapeta,IN,18.4167,84.05,83.43,86,63,10.02,broken clouds
640,Tingi,TZ,-11.3,35.0333,58.69,85,0,2.42,clear sky
641,Putina,PE,-15.4667,-69.4333,49.35,48,8,6.76,clear sky
642,Vestmannaeyjar,IS,63.4427,-20.2734,44.49,85,100,27.4,overcast clouds
643,Luba,GQ,3.4568,8.5547,81.84,83,100,7.05,overcast clouds
644,Yumen,CN,40.2833,97.2,48.67,27,1,7.94,clear sky
645,Lodja,CD,-3.4833,23.4333,75.15,67,25,1.77,scattered clouds
646,Jiexiu,CN,37.0244,111.9125,51.69,56,0,7.49,clear sky
647,North Bay,CA,46.3168,-79.4663,84.22,42,75,10.36,broken clouds
648,Verkhoyansk,RU,67.5447,133.385,20.19,80,99,4.54,overcast clouds
649,Pasni,PK,25.2631,63.471,82.13,85,0,3.74,clear sky
650,Cockburn Town,TC,21.4612,-71.1419,79.25,84,100,19.71,overcast clouds
651,Verkhnyaya Inta,RU,65.9811,60.3094,46.71,83,97,9.73,overcast clouds
652,Frankfort,ZA,-27.2667,28.4833,55.89,46,40,3.31,scattered clouds
653,Avera,US,33.194,-82.5271,82.45,41,28,0.87,scattered clouds
654,Port Keats,AU,-14.25,129.55,77.14,81,44,1.77,scattered clouds
655,Madona,LV,56.8533,26.217,44.17,96,100,6.26,overcast clouds
656,Gravdal,NO,68.1214,13.5031,42.06,89,20,17.34,few clouds
657,Santa Isabel Do Rio Negro,BR,-0.4139,-65.0192,82.38,80,98,2.95,overcast clouds
658,Trinidad,BO,-14.8333,-64.9,91.38,52,20,6.91,few clouds
659,Eirunepe,BR,-6.6603,-69.8736,82.65,84,96,2.68,overcast clouds
660,Lianzhou,CN,24.7811,112.3825,63.82,96,100,5.03,overcast clouds
661,Roebourne,AU,-20.7833,117.1333,72.95,58,0,11.97,clear sky
662,Beisfjord,NO,68.3751,17.5988,42.85,93,81,6.91,broken clouds
663,Naantali,FI,60.4674,22.0243,47.43,66,0,5.75,clear sky
664,Catamarca,AR,-28.4696,-65.7852,70.77,59,90,1.99,overcast clouds
665,Bacolod,PH,10.6667,122.95,78.39,82,99,5.23,overcast clouds
666,Codrington,AU,-38.2667,141.9667,55.96,86,79,13.71,broken clouds
667,Fairbanks,US,64.8378,-147.7164,45.01,75,75,0.0,broken clouds
668,Camocim,BR,-2.9022,-40.8411,81.93,83,100,10.76,overcast clouds
669,Baoying,CN,33.2292,119.3092,57.92,49,100,4.03,light rain
670,Alice Springs,AU,-23.7,133.8833,56.75,67,48,5.75,scattered clouds
